-- Mi Hogar - Seed Data
-- Datos de desarrollo que coinciden con los mockups de la PWA.
-- Password: "admin123" → bcrypt hash (generado con passlib)
-- PIN: "1234" → bcrypt hash

-- ══════════════════════════════════════════════════════════════
-- OWNER
-- ══════════════════════════════════════════════════════════════
INSERT INTO owners (id, nombre, email, password_hash, max_casas) VALUES
('a0000001-0000-0000-0000-000000000001', 'Admin Principal', 'admin@mihogar.com',
 '$2b$12$EixZaYVK1fsbw1ZfbX3OXePaWxn96p36WQoeG6Lruj3vjPGga31lW', 3);
-- password: admin123 (hash generado con passlib bcrypt)


-- ══════════════════════════════════════════════════════════════
-- CASAS
-- ══════════════════════════════════════════════════════════════
INSERT INTO casas (id, owner_id, nombre, direccion, corte_cfe_dia, email_alertas) VALUES
('b0000001-0000-0000-0000-000000000001', 'a0000001-0000-0000-0000-000000000001',
 'Casa Principal', 'Av. Reforma 123, CDMX', 15, 'admin@mihogar.com'),
('b0000001-0000-0000-0000-000000000002', 'a0000001-0000-0000-0000-000000000001',
 'Casa de Playa', 'Playa del Carmen, QR', 15, 'admin@mihogar.com');


-- ══════════════════════════════════════════════════════════════
-- USUARIOS DE CASA PRINCIPAL
-- ══════════════════════════════════════════════════════════════
-- Admin (el owner mapeado a esta casa)
INSERT INTO usuarios_casa (id, casa_id, owner_id, nombre, email, password_hash, rol, metodo_acceso) VALUES
('c0000001-0000-0000-0000-000000000001', 'b0000001-0000-0000-0000-000000000001',
 'a0000001-0000-0000-0000-000000000001', 'Admin Principal', 'admin@mihogar.com',
 '$2b$12$EixZaYVK1fsbw1ZfbX3OXePaWxn96p36WQoeG6Lruj3vjPGga31lW',
 'administrador', 'email');

-- María García (Encargado)
INSERT INTO usuarios_casa (id, casa_id, nombre, email, password_hash, rol, metodo_acceso) VALUES
('c0000001-0000-0000-0000-000000000002', 'b0000001-0000-0000-0000-000000000001',
 'María García', 'maria@mihogar.com',
 '$2b$12$EixZaYVK1fsbw1ZfbX3OXePaWxn96p36WQoeG6Lruj3vjPGga31lW',
 'encargado', 'email');

-- Carlos Jr. (Usuario con PIN)
INSERT INTO usuarios_casa (id, casa_id, nombre, pin_hash, rol, metodo_acceso) VALUES
('c0000001-0000-0000-0000-000000000003', 'b0000001-0000-0000-0000-000000000001',
 'Carlos Jr.',
 '$2b$12$EixZaYVK1fsbw1ZfbX3OXePaWxn96p36WQoeG6Lruj3vjPGga31lW',
 'usuario', 'pin');


-- ══════════════════════════════════════════════════════════════
-- ZONAS (Casa Principal - 6 zonas como en el mockup)
-- ══════════════════════════════════════════════════════════════
INSERT INTO zonas (id, casa_id, nombre, tipo, orden) VALUES
('d0000001-0000-0000-0000-000000000001', 'b0000001-0000-0000-0000-000000000001', 'Sala',                'habitacion',   1),
('d0000001-0000-0000-0000-000000000002', 'b0000001-0000-0000-0000-000000000001', 'Cocina',              'habitacion',   2),
('d0000001-0000-0000-0000-000000000003', 'b0000001-0000-0000-0000-000000000001', 'Recámara Principal',  'habitacion',   3),
('d0000001-0000-0000-0000-000000000004', 'b0000001-0000-0000-0000-000000000001', 'Recámara 2',          'habitacion',   4),
('d0000001-0000-0000-0000-000000000005', 'b0000001-0000-0000-0000-000000000001', 'Pasillo',             'zona_de_paso', 5),
('d0000001-0000-0000-0000-000000000006', 'b0000001-0000-0000-0000-000000000001', 'Baño',                'zona_de_paso', 6);


-- ══════════════════════════════════════════════════════════════
-- CONFIG DE ZONAS (Estados del Panel de Control)
-- ══════════════════════════════════════════════════════════════
INSERT INTO config_zonas (zona_id, encendida, modo, umbral_oscuridad, auto_encender, tiempo_apagado_auto, luz_ambiente_actual, movimiento_detectado, temperatura_actual) VALUES
('d0000001-0000-0000-0000-000000000001', TRUE,  'automatico',    40, TRUE,  60,  35, TRUE,  28.5),  -- Sala: ON, Auto, Mov
('d0000001-0000-0000-0000-000000000002', TRUE,  'temporizador',  40, TRUE,  60,  20, TRUE,  42.0),  -- Cocina: ON, Timer, Mov, temp alta!
('d0000001-0000-0000-0000-000000000003', FALSE, 'manual',        40, TRUE,  60,  80, FALSE, 26.0),  -- Rec Princ: OFF, Manual
('d0000001-0000-0000-0000-000000000004', FALSE, 'automatico',    40, TRUE,  60,  75, FALSE, 25.5),  -- Rec 2: OFF, Auto
('d0000001-0000-0000-0000-000000000005', FALSE, 'automatico',    30, TRUE,  30,  NULL, FALSE, NULL), -- Pasillo
('d0000001-0000-0000-0000-000000000006', FALSE, 'automatico',    30, TRUE,  30,  NULL, FALSE, NULL); -- Baño


-- ══════════════════════════════════════════════════════════════
-- PERMISOS (María → Sala, Cocina, Rec Princ | Carlos Jr → Rec 2)
-- ══════════════════════════════════════════════════════════════
INSERT INTO permisos_zona (usuario_id, zona_id, puede_controlar, puede_configurar) VALUES
('c0000001-0000-0000-0000-000000000002', 'd0000001-0000-0000-0000-000000000001', TRUE, TRUE),  -- María → Sala
('c0000001-0000-0000-0000-000000000002', 'd0000001-0000-0000-0000-000000000002', TRUE, TRUE),  -- María → Cocina
('c0000001-0000-0000-0000-000000000002', 'd0000001-0000-0000-0000-000000000003', TRUE, TRUE),  -- María → Rec Princ
('c0000001-0000-0000-0000-000000000003', 'd0000001-0000-0000-0000-000000000004', TRUE, FALSE); -- Carlos → Rec 2


-- ══════════════════════════════════════════════════════════════
-- DISPOSITIVOS
-- ══════════════════════════════════════════════════════════════
INSERT INTO dispositivos (id, zona_id, casa_id, tipo, nombre, mac_address, firmware_version, estado) VALUES
('f0000001-0000-0000-0000-000000000001', 'd0000001-0000-0000-0000-000000000001', 'b0000001-0000-0000-0000-000000000001', 'modulo_shelly',      'Shelly Sala',    'AA:BB:CC:DD:01:01', '1.4.2', 'online'),
('f0000001-0000-0000-0000-000000000002', 'd0000001-0000-0000-0000-000000000001', 'b0000001-0000-0000-0000-000000000001', 'sensor_pir',         'PIR Sala',       'AA:BB:CC:DD:01:02', '1.0.0', 'online'),
('f0000001-0000-0000-0000-000000000003', 'd0000001-0000-0000-0000-000000000001', 'b0000001-0000-0000-0000-000000000001', 'sensor_crepuscular', 'Luz Sala',       'AA:BB:CC:DD:01:03', '1.0.0', 'online'),
('f0000001-0000-0000-0000-000000000004', 'd0000001-0000-0000-0000-000000000002', 'b0000001-0000-0000-0000-000000000001', 'modulo_shelly',      'Shelly Cocina',  'AA:BB:CC:DD:02:01', '1.4.2', 'online'),
('f0000001-0000-0000-0000-000000000005', 'd0000001-0000-0000-0000-000000000003', 'b0000001-0000-0000-0000-000000000001', 'modulo_shelly',      'Shelly Rec',     'AA:BB:CC:DD:03:01', '1.4.1', 'online'),
('f0000001-0000-0000-0000-000000000006', 'd0000001-0000-0000-0000-000000000004', 'b0000001-0000-0000-0000-000000000001', 'modulo_shelly',      'Shelly Rec2',    'AA:BB:CC:DD:04:01', '1.4.2', 'online'),
('f0000001-0000-0000-0000-000000000007', 'd0000001-0000-0000-0000-000000000005', 'b0000001-0000-0000-0000-000000000001', 'sensor_pir',         'PIR Pasillo',    'AA:BB:CC:DD:05:01', '1.0.0', 'offline'),
('f0000001-0000-0000-0000-000000000008', 'd0000001-0000-0000-0000-000000000006', 'b0000001-0000-0000-0000-000000000001', 'modulo_shelly',      'Shelly Baño',    'AA:BB:CC:DD:06:01', '1.4.2', 'online');


-- ══════════════════════════════════════════════════════════════
-- TEMPORIZADORES (3 del mockup)
-- ══════════════════════════════════════════════════════════════
INSERT INTO temporizadores (zona_id, casa_id, tipo, hora_inicio, hora_fin, lunes, martes, miercoles, jueves, viernes, sabado, domingo, solo_si_oscuro, habilitado) VALUES
('d0000001-0000-0000-0000-000000000001', 'b0000001-0000-0000-0000-000000000001', 'horario_fijo', '18:00', '23:00', TRUE, TRUE, TRUE, TRUE, TRUE, FALSE, FALSE, TRUE,  TRUE),   -- Sala 18-23 L-V solo si oscuro
('d0000001-0000-0000-0000-000000000002', 'b0000001-0000-0000-0000-000000000001', 'horario_fijo', '06:00', '08:00', TRUE, TRUE, TRUE, TRUE, TRUE, TRUE,  TRUE,  FALSE, TRUE),   -- Cocina 06-08 todos
('d0000001-0000-0000-0000-000000000003', 'b0000001-0000-0000-0000-000000000001', 'horario_fijo', '22:00', '06:00', TRUE, TRUE, TRUE, TRUE, TRUE, TRUE,  TRUE,  FALSE, FALSE);  -- Rec Princ 22-06 (disabled)


-- ══════════════════════════════════════════════════════════════
-- MODO NOCTURNO
-- ══════════════════════════════════════════════════════════════
INSERT INTO modo_nocturno (id, casa_id, habilitado, deteccion_inteligente, hora_inicio, hora_fin) VALUES
('e0000001-0000-0000-0000-000000000001', 'b0000001-0000-0000-0000-000000000001', TRUE, TRUE, '23:00', '06:00');

INSERT INTO zonas_nocturnas (modo_nocturno_id, zona_id, habilitada) VALUES
('e0000001-0000-0000-0000-000000000001', 'd0000001-0000-0000-0000-000000000005', TRUE),   -- Pasillo ✓
('e0000001-0000-0000-0000-000000000001', 'd0000001-0000-0000-0000-000000000006', TRUE),   -- Baño ✓
('e0000001-0000-0000-0000-000000000001', 'd0000001-0000-0000-0000-000000000003', FALSE),  -- Rec Princ ✗
('e0000001-0000-0000-0000-000000000001', 'd0000001-0000-0000-0000-000000000004', FALSE);  -- Rec 2 ✗


-- ══════════════════════════════════════════════════════════════
-- CONSUMO DIARIO (última semana, datos del chart)
-- ══════════════════════════════════════════════════════════════
-- Lun-Dom, por cada zona
INSERT INTO consumo_diario (zona_id, casa_id, fecha, kwh_total, horas_encendido, minutos_nocturno) VALUES
-- Sala
('d0000001-0000-0000-0000-000000000001', 'b0000001-0000-0000-0000-000000000001', CURRENT_DATE - 6, 0.38, 4.2, 15),
('d0000001-0000-0000-0000-000000000001', 'b0000001-0000-0000-0000-000000000001', CURRENT_DATE - 5, 0.35, 3.8, 12),
('d0000001-0000-0000-0000-000000000001', 'b0000001-0000-0000-0000-000000000001', CURRENT_DATE - 4, 0.40, 4.5, 18),
('d0000001-0000-0000-0000-000000000001', 'b0000001-0000-0000-0000-000000000001', CURRENT_DATE - 3, 0.42, 4.6, 20),
('d0000001-0000-0000-0000-000000000001', 'b0000001-0000-0000-0000-000000000001', CURRENT_DATE - 2, 0.45, 5.0, 22),
('d0000001-0000-0000-0000-000000000001', 'b0000001-0000-0000-0000-000000000001', CURRENT_DATE - 1, 0.48, 5.2, 25),
('d0000001-0000-0000-0000-000000000001', 'b0000001-0000-0000-0000-000000000001', CURRENT_DATE,     0.42, 4.2, 15),
-- Cocina
('d0000001-0000-0000-0000-000000000002', 'b0000001-0000-0000-0000-000000000001', CURRENT_DATE - 6, 0.30, 3.5, 5),
('d0000001-0000-0000-0000-000000000002', 'b0000001-0000-0000-0000-000000000001', CURRENT_DATE - 5, 0.32, 3.6, 8),
('d0000001-0000-0000-0000-000000000002', 'b0000001-0000-0000-0000-000000000001', CURRENT_DATE - 4, 0.28, 3.2, 4),
('d0000001-0000-0000-0000-000000000002', 'b0000001-0000-0000-0000-000000000001', CURRENT_DATE - 3, 0.35, 3.8, 6),
('d0000001-0000-0000-0000-000000000002', 'b0000001-0000-0000-0000-000000000001', CURRENT_DATE - 2, 0.38, 4.0, 8),
('d0000001-0000-0000-0000-000000000002', 'b0000001-0000-0000-0000-000000000001', CURRENT_DATE - 1, 0.40, 4.2, 10),
('d0000001-0000-0000-0000-000000000002', 'b0000001-0000-0000-0000-000000000001', CURRENT_DATE,     0.35, 3.5, 5),
-- Recámara Principal
('d0000001-0000-0000-0000-000000000003', 'b0000001-0000-0000-0000-000000000001', CURRENT_DATE - 6, 0.15, 1.8, 80),
('d0000001-0000-0000-0000-000000000003', 'b0000001-0000-0000-0000-000000000001', CURRENT_DATE - 5, 0.18, 2.0, 85),
('d0000001-0000-0000-0000-000000000003', 'b0000001-0000-0000-0000-000000000001', CURRENT_DATE - 4, 0.16, 1.9, 82),
('d0000001-0000-0000-0000-000000000003', 'b0000001-0000-0000-0000-000000000001', CURRENT_DATE - 3, 0.20, 2.2, 88),
('d0000001-0000-0000-0000-000000000003', 'b0000001-0000-0000-0000-000000000001', CURRENT_DATE - 2, 0.18, 1.8, 85),
('d0000001-0000-0000-0000-000000000003', 'b0000001-0000-0000-0000-000000000001', CURRENT_DATE - 1, 0.22, 2.4, 90),
('d0000001-0000-0000-0000-000000000003', 'b0000001-0000-0000-0000-000000000001', CURRENT_DATE,     0.18, 1.8, 85),
-- Recámara 2
('d0000001-0000-0000-0000-000000000004', 'b0000001-0000-0000-0000-000000000001', CURRENT_DATE - 6, 0.20, 2.5, 70),
('d0000001-0000-0000-0000-000000000004', 'b0000001-0000-0000-0000-000000000001', CURRENT_DATE - 5, 0.22, 2.6, 72),
('d0000001-0000-0000-0000-000000000004', 'b0000001-0000-0000-0000-000000000001', CURRENT_DATE - 4, 0.18, 2.2, 68),
('d0000001-0000-0000-0000-000000000004', 'b0000001-0000-0000-0000-000000000001', CURRENT_DATE - 3, 0.25, 2.8, 75),
('d0000001-0000-0000-0000-000000000004', 'b0000001-0000-0000-0000-000000000001', CURRENT_DATE - 2, 0.22, 2.5, 72),
('d0000001-0000-0000-0000-000000000004', 'b0000001-0000-0000-0000-000000000001', CURRENT_DATE - 1, 0.28, 3.0, 78),
('d0000001-0000-0000-0000-000000000004', 'b0000001-0000-0000-0000-000000000001', CURRENT_DATE,     0.21, 2.5, 70),
-- Pasillo
('d0000001-0000-0000-0000-000000000005', 'b0000001-0000-0000-0000-000000000001', CURRENT_DATE - 6, 0.08, 0.8, 40),
('d0000001-0000-0000-0000-000000000005', 'b0000001-0000-0000-0000-000000000001', CURRENT_DATE - 5, 0.10, 1.0, 45),
('d0000001-0000-0000-0000-000000000005', 'b0000001-0000-0000-0000-000000000001', CURRENT_DATE - 4, 0.09, 0.9, 42),
('d0000001-0000-0000-0000-000000000005', 'b0000001-0000-0000-0000-000000000001', CURRENT_DATE - 3, 0.12, 1.2, 50),
('d0000001-0000-0000-0000-000000000005', 'b0000001-0000-0000-0000-000000000001', CURRENT_DATE - 2, 0.10, 1.0, 45),
('d0000001-0000-0000-0000-000000000005', 'b0000001-0000-0000-0000-000000000001', CURRENT_DATE - 1, 0.14, 1.4, 55),
('d0000001-0000-0000-0000-000000000005', 'b0000001-0000-0000-0000-000000000001', CURRENT_DATE,     0.08, 0.8, 40),
-- Baño
('d0000001-0000-0000-0000-000000000006', 'b0000001-0000-0000-0000-000000000001', CURRENT_DATE - 6, 0.05, 0.6, 30),
('d0000001-0000-0000-0000-000000000006', 'b0000001-0000-0000-0000-000000000001', CURRENT_DATE - 5, 0.06, 0.7, 35),
('d0000001-0000-0000-0000-000000000006', 'b0000001-0000-0000-0000-000000000001', CURRENT_DATE - 4, 0.05, 0.6, 30),
('d0000001-0000-0000-0000-000000000006', 'b0000001-0000-0000-0000-000000000001', CURRENT_DATE - 3, 0.07, 0.8, 38),
('d0000001-0000-0000-0000-000000000006', 'b0000001-0000-0000-0000-000000000001', CURRENT_DATE - 2, 0.06, 0.7, 35),
('d0000001-0000-0000-0000-000000000006', 'b0000001-0000-0000-0000-000000000001', CURRENT_DATE - 1, 0.08, 0.9, 40),
('d0000001-0000-0000-0000-000000000006', 'b0000001-0000-0000-0000-000000000001', CURRENT_DATE,     0.05, 0.6, 30);


-- ══════════════════════════════════════════════════════════════
-- CONSUMO BIMESTRAL (6 bimestres del gráfico comparativo)
-- ══════════════════════════════════════════════════════════════
INSERT INTO consumo_bimestral (casa_id, bimestre, anio, kwh_total, costo_estimado, horas_uso_dia) VALUES
('b0000001-0000-0000-0000-000000000001', 1, 2025, 70.0,  260.00, 14.5),
('b0000001-0000-0000-0000-000000000001', 2, 2025, 75.0,  275.00, 15.2),
('b0000001-0000-0000-0000-000000000001', 3, 2025, 65.0,  235.00, 13.8),
('b0000001-0000-0000-0000-000000000001', 4, 2025, 58.0,  210.00, 12.5),
('b0000001-0000-0000-0000-000000000001', 5, 2025, 50.0,  180.00, 11.8),
('b0000001-0000-0000-0000-000000000001', 6, 2025, 42.5,  156.00, 12.9);


-- ══════════════════════════════════════════════════════════════
-- ALERTAS (Las que aparecen en el mockup de Alertas)
-- ══════════════════════════════════════════════════════════════
INSERT INTO alertas (casa_id, zona_id, dispositivo_id, tipo, severidad, titulo, mensaje, created_at) VALUES
('b0000001-0000-0000-0000-000000000001', 'd0000001-0000-0000-0000-000000000005', 'f0000001-0000-0000-0000-000000000007',
 'sensor_offline', 'warning', 'Sensor fuera de línea',
 'El sensor de movimiento del pasillo no responde desde hace 2 horas.',
 NOW() - INTERVAL '2 hours'),

('b0000001-0000-0000-0000-000000000001', NULL, NULL,
 'consumo_nocturno_alto', 'warning', 'Consumo nocturno elevado',
 'Se detectó un aumento del 25% en consumo nocturno. Revisa el carnet de instrucciones.',
 NOW() - INTERVAL '5 hours'),

('b0000001-0000-0000-0000-000000000001', 'd0000001-0000-0000-0000-000000000001', 'f0000001-0000-0000-0000-000000000001',
 'firmware_actualizado', 'success', 'Firmware actualizado',
 'El módulo Shelly de la sala se actualizó correctamente a la versión 1.4.2.',
 NOW() - INTERVAL '1 day'),

('b0000001-0000-0000-0000-000000000001', 'd0000001-0000-0000-0000-000000000002', 'f0000001-0000-0000-0000-000000000004',
 'temperatura_elevada', 'error', 'Temperatura elevada',
 'El módulo Shelly de la cocina reporta temperatura de 42°C.',
 NOW() - INTERVAL '1 day');


-- ══════════════════════════════════════════════════════════════
-- HORAS PICO (Datos para el heatmap)
-- ══════════════════════════════════════════════════════════════
-- Sala: picos a las 7-8am y luego 18-22
INSERT INTO horas_pico (zona_id, casa_id, hora, dia_semana, minutos_promedio, periodo_inicio, periodo_fin) VALUES
('d0000001-0000-0000-0000-000000000001', 'b0000001-0000-0000-0000-000000000001', 7, 0, 35, CURRENT_DATE - 7, CURRENT_DATE),
('d0000001-0000-0000-0000-000000000001', 'b0000001-0000-0000-0000-000000000001', 8, 0, 30, CURRENT_DATE - 7, CURRENT_DATE),
('d0000001-0000-0000-0000-000000000001', 'b0000001-0000-0000-0000-000000000001', 18, 0, 50, CURRENT_DATE - 7, CURRENT_DATE),
('d0000001-0000-0000-0000-000000000001', 'b0000001-0000-0000-0000-000000000001', 19, 0, 55, CURRENT_DATE - 7, CURRENT_DATE),
('d0000001-0000-0000-0000-000000000001', 'b0000001-0000-0000-0000-000000000001', 20, 0, 50, CURRENT_DATE - 7, CURRENT_DATE),
-- Cocina: picos 6-9am y 13-15
('d0000001-0000-0000-0000-000000000002', 'b0000001-0000-0000-0000-000000000001', 6, 0, 40, CURRENT_DATE - 7, CURRENT_DATE),
('d0000001-0000-0000-0000-000000000002', 'b0000001-0000-0000-0000-000000000001', 7, 0, 55, CURRENT_DATE - 7, CURRENT_DATE),
('d0000001-0000-0000-0000-000000000002', 'b0000001-0000-0000-0000-000000000001', 8, 0, 45, CURRENT_DATE - 7, CURRENT_DATE),
('d0000001-0000-0000-0000-000000000002', 'b0000001-0000-0000-0000-000000000001', 13, 0, 50, CURRENT_DATE - 7, CURRENT_DATE),
('d0000001-0000-0000-0000-000000000002', 'b0000001-0000-0000-0000-000000000001', 14, 0, 45, CURRENT_DATE - 7, CURRENT_DATE);
